<?xml version="1.0" encoding="utf-8"?>
<extension type="component" version="3.0" method="upgrade">
        <name>Joo-Shell</name>
        <creationDate>January 2014</creationDate>
        <author>CMSmap</author>
        <authorEmail>cmsmap@example.com</authorEmail>
        <authorUrl>https://github.com/m7x/cmsmap/</authorUrl>
        <copyright>Copyright (C) 2014 CMSmap 2014. All rights reserved.</copyright>
        <license>GPLv2</license>
        <version>0.0.1</version>
        <description>Simple Joomla Shell - Usage of CMSmap for attacking targets without prior mutual consent is illegal. It is the end user's responsibility to obey all applicable local, state and federal laws. Developer assumes no liability and is not responsible for any misuse or damage caused by this program.</description>
        <update>
                <schemas>
                        <schemapath type="mysql">sql/updates/mysql</schemapath>
                </schemas>
        </update>
        <files folder="site">
                <filename>index.html</filename>
                <filename>joo-shell.php</filename>
        </files>
        <administration>
                <menu>Joo-Shell</menu>
                <files folder="admin">
                        <filename>index.html</filename>
                        <filename>joo-shell.php</filename>
                        <folder>sql</folder>
                </files>
        </administration>
</extension>